{
  "category": [
    2,
    2,
    2,
    2,
    0,
    2,
    0,
    2,
    2,
    2,
    2,
    0,
    0,
    0,
    2,
    0,
    3,
    2,
    2,
    1,
    0,
    2,
    2,
    1,
    2
  ],
  "score": [
    "0.99842912",
    "0.99628413",
    "0.99003232",
    "0.98981768",
    "0.98367935",
    "0.97084779",
    "0.96660423",
    "0.96368837",
    "0.95032555",
    "0.94471675",
    "0.93060601",
    "0.91769940",
    "0.89473891",
    "0.89163756",
    "0.86039102",
    "0.72115278",
    "0.70648408",
    "0.67867750",
    "0.66549838",
    "0.59578001",
    "0.58647740",
    "0.55507421",
    "0.55348986",
    "0.52496582",
    "0.51973957"
  ],
  "box": [
    [
      450,
      731,
      845,
      1062
    ],
    [
      572,
      398,
      828,
      649
    ],
    [
      794,
      185,
      911,
      274
    ],
    [
      716,
      269,
      870,
      402
    ],
    [
      438,
      374,
      505,
      523
    ],
    [
      768,
      99,
      833,
      151
    ],
    [
      331,
      145,
      377,
      279
    ],
    [
      1263,
      222,
      1409,
      356
    ],
    [
      1020,
      118,
      1094,
      176
    ],
    [
      1097,
      140,
      1204,
      229
    ],
    [
      841,
      99,
      899,
      141
    ],
    [
      404,
      169,
      436,
      263
    ],
    [
      479,
      120,
      524,
      248
    ],
    [
      1245,
      130,
      1277,
      189
    ],
    [
      944,
      149,
      1040,
      207
    ],
    [
      485,
      146,
      514,
      226
    ],
    [
      1242,
      154,
      1278,
      207
    ],
    [
      923,
      99,
      962,
      137
    ],
    [
      834,
      128,
      895,
      169
    ],
    [
      542,
      251,
      601,
      365
    ],
    [
      727,
      453,
      776,
      500
    ],
    [
      887,
      96,
      923,
      127
    ],
    [
      1084,
      122,
      1153,
      171
    ],
    [
      451,
      443,
      493,
      536
    ],
    [
      816,
      163,
      903,
      203
    ]
  ]
}