{
  "category": [
    2,
    2,
    2,
    0,
    2,
    2,
    2,
    2,
    2,
    2,
    0,
    0,
    0,
    0,
    2
  ],
  "score": [
    "0.98362267",
    "0.97107971",
    "0.95008016",
    "0.85646683",
    "0.84206796",
    "0.80998391",
    "0.80463713",
    "0.78291792",
    "0.75863087",
    "0.74842852",
    "0.73091704",
    "0.64682305",
    "0.63580650",
    "0.63325012",
    "0.63254970"
  ],
  "box": [
    [
      458,
      731,
      850,
      1060
    ],
    [
      583,
      405,
      818,
      639
    ],
    [
      795,
      193,
      911,
      270
    ],
    [
      442,
      373,
      505,
      523
    ],
    [
      715,
      282,
      868,
      392
    ],
    [
      768,
      99,
      836,
      152
    ],
    [
      1099,
      150,
      1202,
      225
    ],
    [
      1265,
      239,
      1406,
      345
    ],
    [
      1023,
      118,
      1094,
      173
    ],
    [
      944,
      154,
      1038,
      203
    ],
    [
      406,
      169,
      432,
      269
    ],
    [
      335,
      145,
      376,
      283
    ],
    [
      486,
      143,
      513,
      235
    ],
    [
      1247,
      129,
      1276,
      189
    ],
    [
      840,
      98,
      900,
      140
    ]
  ]
}