{
  "category": [
    2,
    2,
    2,
    2,
    0,
    2,
    0,
    2,
    2,
    2,
    2,
    0,
    0,
    0,
    2,
    0,
    3,
    2,
    2,
    1,
    0,
    2,
    2,
    1,
    2
  ],
  "score": [
    "0.99845344",
    "0.99630195",
    "0.98967314",
    "0.98955458",
    "0.98313487",
    "0.97086990",
    "0.96647698",
    "0.95988888",
    "0.95245701",
    "0.94249451",
    "0.93401653",
    "0.91670686",
    "0.89470279",
    "0.89013880",
    "0.85778743",
    "0.72292703",
    "0.72066772",
    "0.67344570",
    "0.65007740",
    "0.64836526",
    "0.58144552",
    "0.54815197",
    "0.54612863",
    "0.53363258",
    "0.51744986"
  ],
  "box": [
    [
      450,
      730,
      846,
      1063
    ],
    [
      572,
      399,
      828,
      649
    ],
    [
      794,
      185,
      911,
      274
    ],
    [
      716,
      269,
      870,
      402
    ],
    [
      438,
      374,
      505,
      523
    ],
    [
      768,
      99,
      833,
      151
    ],
    [
      331,
      145,
      377,
      279
    ],
    [
      1263,
      222,
      1409,
      356
    ],
    [
      1021,
      118,
      1094,
      176
    ],
    [
      1097,
      140,
      1204,
      229
    ],
    [
      842,
      98,
      899,
      141
    ],
    [
      404,
      169,
      436,
      263
    ],
    [
      1245,
      130,
      1277,
      189
    ],
    [
      479,
      120,
      524,
      248
    ],
    [
      945,
      149,
      1040,
      207
    ],
    [
      485,
      146,
      514,
      226
    ],
    [
      1242,
      155,
      1278,
      207
    ],
    [
      923,
      100,
      962,
      138
    ],
    [
      834,
      128,
      895,
      169
    ],
    [
      542,
      251,
      601,
      366
    ],
    [
      727,
      453,
      776,
      500
    ],
    [
      1084,
      122,
      1152,
      171
    ],
    [
      887,
      96,
      923,
      127
    ],
    [
      451,
      442,
      493,
      536
    ],
    [
      817,
      163,
      903,
      203
    ]
  ]
}