{
  "category": [
    2,
    2,
    2,
    2,
    0,
    2,
    2,
    2,
    2,
    2,
    0,
    0,
    0,
    0,
    2
  ],
  "score": [
    "0.98398024",
    "0.96933764",
    "0.94816953",
    "0.83698076",
    "0.83179212",
    "0.82644629",
    "0.82224375",
    "0.77072740",
    "0.75337505",
    "0.72863770",
    "0.70856589",
    "0.66067392",
    "0.65756625",
    "0.65557921",
    "0.63182300"
  ],
  "box": [
    [
      458,
      737,
      850,
      1053
    ],
    [
      582,
      406,
      817,
      640
    ],
    [
      792,
      192,
      913,
      270
    ],
    [
      1097,
      148,
      1204,
      226
    ],
    [
      442,
      372,
      505,
      522
    ],
    [
      716,
      282,
      868,
      392
    ],
    [
      768,
      100,
      836,
      152
    ],
    [
      1265,
      237,
      1406,
      347
    ],
    [
      1022,
      116,
      1093,
      174
    ],
    [
      945,
      152,
      1038,
      205
    ],
    [
      406,
      169,
      433,
      269
    ],
    [
      1247,
      130,
      1277,
      190
    ],
    [
      486,
      143,
      513,
      235
    ],
    [
      335,
      144,
      376,
      283
    ],
    [
      839,
      97,
      900,
      140
    ]
  ]
}